[
  {
    "id": "a68417dc4de3e4269ce6-63dd4fd8",
    "url": "https://dichvucong.gov.vn/p/home/dvc-chi-tiet-thu-tuc-hanh-chinh.html?ma_thu_tuc=1.008006&id_tinh_thanh=59",
    "title": "Thủ tục về Đăng ký khai sinh và cấp thẻ bảo hiểm y tế (cấp mới, cấp đổi và cấp lại) cho trẻ em dưới 6 tuổi",
    "chunk_type": "header",
    "hierarchy": "Thủ tục về Đăng ký khai sinh và cấp thẻ bảo hiểm y tế (cấp mới, cấp đổi và cấp lại) cho trẻ em dưới 6 tuổi",
    "content_text": "Thủ tục về Đăng ký khai sinh và cấp thẻ bảo hiểm y tế (cấp mới, cấp đổi và cấp lại) cho trẻ em dưới 6 tuổi",
    "metadata": {
      "source_domain": "dichvucong.gov.vn",
      "tokens": 27,
      "has_table": false,
      "crawl_date": "2026-01-11",
      "procedure_code": "",
      "category": "Bảo hiểm y tế cho trẻ dưới 6 tuổi",
      "offical_annouce": "2196/QĐ-UBND ngày 19/6/2024",
      "is_entire": false
    }
  },
  {
    "id": "d81c261f09a5c4d5c587-29ca5b9f",
    "url": "https://dichvucong.gov.vn/p/home/dvc-chi-tiet-thu-tuc-hanh-chinh.html?ma_thu_tuc=1.008006&id_tinh_thanh=59",
    "title": "Thủ tục về Đăng ký khai sinh và cấp thẻ bảo hiểm y tế (cấp mới, cấp đổi và cấp lại) cho trẻ em dưới 6 tuổi",
    "chunk_type": "header",
    "hierarchy": "Thủ tục về Đăng ký khai sinh và cấp thẻ bảo hiểm y tế (cấp mới, cấp đổi và cấp lại) cho trẻ em dưới 6 tuổi > Trình tự thực hiện",
    "content_text": "Trình tự thực hiện",
    "metadata": {
      "source_domain": "dichvucong.gov.vn",
      "tokens": 4,
      "has_table": false,
      "crawl_date": "2026-01-11",
      "procedure_code": "",
      "category": "Bảo hiểm y tế cho trẻ dưới 6 tuổi",
      "offical_annouce": "2196/QĐ-UBND ngày 19/6/2024",
      "is_entire": false
    }
  },
  {
    "id": "3fb764ae820e5cc1a8c9-bae8f200",
    "url": "https://dichvucong.gov.vn/p/home/dvc-chi-tiet-thu-tuc-hanh-chinh.html?ma_thu_tuc=1.008006&id_tinh_thanh=59",
    "title": "Thủ tục về Đăng ký khai sinh và cấp thẻ bảo hiểm y tế (cấp mới, cấp đổi và cấp lại) cho trẻ em dưới 6 tuổi",
    "chunk_type": "paragraph",
    "hierarchy": "Thủ tục về Đăng ký khai sinh và cấp thẻ bảo hiểm y tế (cấp mới, cấp đổi và cấp lại) cho trẻ em dưới 6 tuổi > Trình tự thực hiện",
    "content_text": "- Cá nhân, tổ chức có yêu cầu thực hiện liên thông các thủ tục hành chính nộp hoặc ủy quyền cho người khác nộp 01 bộ hồ sơ như đã nêu trên trực tiếp hoặc qua dịch vụ bưu chính công ích đến Ủy ban nhân dân cấp xã. Việc ủy quyền phải thực hiện theo quy định của pháp luật. Trường hợp gửi hồ sơ qua hệ thống bưu chính thì phải gửi kèm theo bản sao có chứng thực các giấy tờ phải xuất trình nêu trên;",
    "metadata": {
      "source_domain": "dichvucong.gov.vn",
      "tokens": 90,
      "has_table": false,
      "crawl_date": "2026-01-11",
      "procedure_code": "",
      "category": "Bảo hiểm y tế cho trẻ dưới 6 tuổi",
      "offical_annouce": "2196/QĐ-UBND ngày 19/6/2024",
      "is_entire": false
    }
  },
  {
    "id": "92bb5994fb35c8b9ac12-86b9e1b7",
    "url": "https://dichvucong.gov.vn/p/home/dvc-chi-tiet-thu-tuc-hanh-chinh.html?ma_thu_tuc=1.008006&id_tinh_thanh=59",
    "title": "Thủ tục về Đăng ký khai sinh và cấp thẻ bảo hiểm y tế (cấp mới, cấp đổi và cấp lại) cho trẻ em dưới 6 tuổi",
    "chunk_type": "paragraph",
    "hierarchy": "Thủ tục về Đăng ký khai sinh và cấp thẻ bảo hiểm y tế (cấp mới, cấp đổi và cấp lại) cho trẻ em dưới 6 tuổi > Trình tự thực hiện",
    "content_text": "- Công chức tư pháp - hộ tịch của Ủy ban nhân dân cấp xã có trách nhiệm kiểm tra đầy đủ các thành phần hồ sơ; đồng thời, đối chiếu với danh sách khám chữa bệnh ban đầu do cơ quan Bảo hiểm xã hội cung cấp được niêm yết tại Ủy ban nhân dân cấp xã, hướng dẫn người dân lựa chọn, đăng ký nơi khám chữa bệnh ban đầu. Việc hướng dẫn phải chính xác, rõ ràng;",
    "metadata": {
      "source_domain": "dichvucong.gov.vn",
      "tokens": 80,
      "has_table": false,
      "crawl_date": "2026-01-11",
      "procedure_code": "",
      "category": "Bảo hiểm y tế cho trẻ dưới 6 tuổi",
      "offical_annouce": "2196/QĐ-UBND ngày 19/6/2024",
      "is_entire": false
    }
  },
  {
    "id": "755ae2f3af7bf01bf9dd-3176c8ea",
    "url": "https://dichvucong.gov.vn/p/home/dvc-chi-tiet-thu-tuc-hanh-chinh.html?ma_thu_tuc=1.008006&id_tinh_thanh=59",
    "title": "Thủ tục về Đăng ký khai sinh và cấp thẻ bảo hiểm y tế (cấp mới, cấp đổi và cấp lại) cho trẻ em dưới 6 tuổi",
    "chunk_type": "paragraph",
    "hierarchy": "Thủ tục về Đăng ký khai sinh và cấp thẻ bảo hiểm y tế (cấp mới, cấp đổi và cấp lại) cho trẻ em dưới 6 tuổi > Trình tự thực hiện",
    "content_text": "- Trường hợp người dân chưa có Tờ khai đăng ký khai sinh, Tờ khai tham gia bảo hiểm y tế thì công chức tư pháp - hộ tịch cấp cho người dân các mẫu giấy tờ đó theo quy định;",
    "metadata": {
      "source_domain": "dichvucong.gov.vn",
      "tokens": 41,
      "has_table": false,
      "crawl_date": "2026-01-11",
      "procedure_code": "",
      "category": "Bảo hiểm y tế cho trẻ dưới 6 tuổi",
      "offical_annouce": "2196/QĐ-UBND ngày 19/6/2024",
      "is_entire": false
    }
  },
  {
    "id": "60cf1865b7e25d5e6006-c60d69e6",
    "url": "https://dichvucong.gov.vn/p/home/dvc-chi-tiet-thu-tuc-hanh-chinh.html?ma_thu_tuc=1.008006&id_tinh_thanh=59",
    "title": "Thủ tục về Đăng ký khai sinh và cấp thẻ bảo hiểm y tế (cấp mới, cấp đổi và cấp lại) cho trẻ em dưới 6 tuổi",
    "chunk_type": "paragraph",
    "hierarchy": "Thủ tục về Đăng ký khai sinh và cấp thẻ bảo hiểm y tế (cấp mới, cấp đổi và cấp lại) cho trẻ em dưới 6 tuổi > Trình tự thực hiện",
    "content_text": "- Trường hợp hồ sơ của người dân đầy đủ, đúng thành phần hồ sơ thì công chức tư pháp - hộ tịch có trách nhiệm tiếp nhận hồ sơ và tạm thu lệ phí (nếu có); viết giấy tiếp nhận hồ sơ và hẹn trả kết quả cho người dân;",
    "metadata": {
      "source_domain": "dichvucong.gov.vn",
      "tokens": 51,
      "has_table": false,
      "crawl_date": "2026-01-11",
      "procedure_code": "",
      "category": "Bảo hiểm y tế cho trẻ dưới 6 tuổi",
      "offical_annouce": "2196/QĐ-UBND ngày 19/6/2024",
      "is_entire": false
    }
  },
  {
    "id": "1a1a77fefe2229b794e6-f4c5526e",
    "url": "https://dichvucong.gov.vn/p/home/dvc-chi-tiet-thu-tuc-hanh-chinh.html?ma_thu_tuc=1.008006&id_tinh_thanh=59",
    "title": "Thủ tục về Đăng ký khai sinh và cấp thẻ bảo hiểm y tế (cấp mới, cấp đổi và cấp lại) cho trẻ em dưới 6 tuổi",
    "chunk_type": "paragraph",
    "hierarchy": "Thủ tục về Đăng ký khai sinh và cấp thẻ bảo hiểm y tế (cấp mới, cấp đổi và cấp lại) cho trẻ em dưới 6 tuổi > Trình tự thực hiện",
    "content_text": "- Trường hợp yêu cầu thực hiện liên thông các thủ tục hành chính không thuộc thẩm quyền tiếp nhận, giải quyết của cơ quan mình thì công chức tư pháp - hộ tịch có trách nhiệm giải thích, hướng dẫn cụ thể để người dân đến đúng cơ quan có thẩm quyền giải quyết theo quy định của pháp luật;",
    "metadata": {
      "source_domain": "dichvucong.gov.vn",
      "tokens": 61,
      "has_table": false,
      "crawl_date": "2026-01-11",
      "procedure_code": "",
      "category": "Bảo hiểm y tế cho trẻ dưới 6 tuổi",
      "offical_annouce": "2196/QĐ-UBND ngày 19/6/2024",
      "is_entire": false
    }
  },
  {
    "id": "25201bac61f30128e797-cef058e9",
    "url": "https://dichvucong.gov.vn/p/home/dvc-chi-tiet-thu-tuc-hanh-chinh.html?ma_thu_tuc=1.008006&id_tinh_thanh=59",
    "title": "Thủ tục về Đăng ký khai sinh và cấp thẻ bảo hiểm y tế (cấp mới, cấp đổi và cấp lại) cho trẻ em dưới 6 tuổi",
    "chunk_type": "paragraph",
    "hierarchy": "Thủ tục về Đăng ký khai sinh và cấp thẻ bảo hiểm y tế (cấp mới, cấp đổi và cấp lại) cho trẻ em dưới 6 tuổi > Trình tự thực hiện",
    "content_text": "- Ngay sau khi nhận đủ giấy tờ nêu trên, nếu thấy thông tin khai sinh đầy đủ và phù hợp, công chức tư pháp - hộ tịch ghi nội dung khai sinh theo quy định tại khoản 1 Điều 14 của Luật Hộ tịch năm 2014 vào Sổ hộ tịch; cập nhật vào Cơ sở dữ liệu hộ tịch điện tử, Cơ sở dữ liệu quốc gia về dân cư để lấy Số định danh cá nhân; Công chức tư pháp - hộ tịch và người đi đăng ký khai sinh cùng ký tên vào Sổ hộ tịch. Chủ tịch Ủy ban nhân dân cấp xã cấp Giấy khai sinh cho người được đăng ký khai sinh. Thời gian thực hiện việc đăng ký khai sinh ngay trong ngày; trường hợp hồ sơ tiếp nhận sau 15 giờ mà không giải quyết được ngay trong ngày thì tiến hành giải quyết trong ngày làm việc tiếp theo.",
    "metadata": {
      "source_domain": "dichvucong.gov.vn",
      "tokens": 158,
      "has_table": false,
      "crawl_date": "2026-01-11",
      "procedure_code": "",
      "category": "Bảo hiểm y tế cho trẻ dưới 6 tuổi",
      "offical_annouce": "2196/QĐ-UBND ngày 19/6/2024",
      "is_entire": false
    }
  },
  {
    "id": "f74e9ed08ab7a42cf8ac-4e2e1efe",
    "url": "https://dichvucong.gov.vn/p/home/dvc-chi-tiet-thu-tuc-hanh-chinh.html?ma_thu_tuc=1.008006&id_tinh_thanh=59",
    "title": "Thủ tục về Đăng ký khai sinh và cấp thẻ bảo hiểm y tế (cấp mới, cấp đổi và cấp lại) cho trẻ em dưới 6 tuổi",
    "chunk_type": "paragraph",
    "hierarchy": "Thủ tục về Đăng ký khai sinh và cấp thẻ bảo hiểm y tế (cấp mới, cấp đổi và cấp lại) cho trẻ em dưới 6 tuổi > Trình tự thực hiện",
    "content_text": "- Sau khi thực hiện đăng ký khai sinh xong, công chức tư pháp - hộ tịch lập hồ sơ cấp thẻ bảo hiểm y tế cho trẻ em dưới 6 tuổi chuyển cho Bảo hiểm xã hội quận, huyện. Hồ sơ cấp thẻ bảo hiểm y tế cho trẻ em dưới 6 tuổi chuyển trước cho Bảo hiểm xã hội quận, huyện thông qua mạng điện tử. Ngay sau khi nhận được thông tin qua mạng điện tử do công chức tư pháp - hộ tịch chuyển đến, Bảo hiểm xã hội quận, huyện có trách nhiệm kiểm tra hồ sơ: Trường hợp hồ sơ đầy đủ, đúng quy định thì Bảo hiểm xã hội quận, huyện thực hiện cấp thẻ bảo hiểm y tế (cấp mới, cấp đổi và cấp lại) cho trẻ em. Thời gian giải quyết của Bảo hiểm xã hội quận, huyện không quá 05 ngày làm việc đối với thẻ cấp mới; không quá 03 ngày làm việc đối với thẻ cấp lại có thay đổi thông tin; không quá 02 ngày làm việc đối với thẻ cấp lại không thay đổi thông tin; Trường hợp thông tin hoặc hồ sơ không bảo đảm theo đúng quy định thì trong thời hạn 01 ngày làm việc kể từ ngày tiếp nhận hồ sơ, Bảo hiểm xã hội quận, huyện phải thông báo cho công chức tư pháp - hộ tịch biết để hoàn thiện hồ sơ theo quy định và gửi lại cho Bảo hiểm xã hội để cấp thẻ bảo hiểm y tế; Trường hợp hồ sơ không đủ điều kiện cấp thẻ bảo hiểm y tế thì trong thời hạn 03 ngày kể từ ngày tiếp nhận hồ sơ qua mạng, Bảo hiểm xã hội quận, huyện có văn bản trả lời kèm theo hồ sơ trả lại cho công chức tư pháp - hộ tịch biết để xử lý theo quy định.",
    "metadata": {
      "source_domain": "dichvucong.gov.vn",
      "tokens": 321,
      "has_table": false,
      "crawl_date": "2026-01-11",
      "procedure_code": "",
      "category": "Bảo hiểm y tế cho trẻ dưới 6 tuổi",
      "offical_annouce": "2196/QĐ-UBND ngày 19/6/2024",
      "is_entire": false
    }
  },
  {
    "id": "c91499ae73ad8e9c82ca-4298999a",
    "url": "https://dichvucong.gov.vn/p/home/dvc-chi-tiet-thu-tuc-hanh-chinh.html?ma_thu_tuc=1.008006&id_tinh_thanh=59",
    "title": "Thủ tục về Đăng ký khai sinh và cấp thẻ bảo hiểm y tế (cấp mới, cấp đổi và cấp lại) cho trẻ em dưới 6 tuổi",
    "chunk_type": "paragraph",
    "hierarchy": "Thủ tục về Đăng ký khai sinh và cấp thẻ bảo hiểm y tế (cấp mới, cấp đổi và cấp lại) cho trẻ em dưới 6 tuổi > Trình tự thực hiện",
    "content_text": "- Hết thời hạn nêu trên, Bảo hiểm xã hội quận, huyện trả thẻ bảo hiểm y tế cho công chức tư pháp - hộ tịch hoặc gửi về Ủy ban nhân dân cấp xã qua dịch vụ bưu chính công ích (đối với đơn vị có yêu cầu); Đối với các đơn vị chưa thực hiện giao dịch điện tử thì khi đến nhận thẻ, công chức tư pháp - hộ tịch nộp bộ hồ sơ (bản giấy) cho Bảo hiểm xã hội quận, huyện.",
    "metadata": {
      "source_domain": "dichvucong.gov.vn",
      "tokens": 86,
      "has_table": false,
      "crawl_date": "2026-01-11",
      "procedure_code": "",
      "category": "Bảo hiểm y tế cho trẻ dưới 6 tuổi",
      "offical_annouce": "2196/QĐ-UBND ngày 19/6/2024",
      "is_entire": false
    }
  },
  {
    "id": "66c8b4d5014994d93ef3-a3fc86ab",
    "url": "https://dichvucong.gov.vn/p/home/dvc-chi-tiet-thu-tuc-hanh-chinh.html?ma_thu_tuc=1.008006&id_tinh_thanh=59",
    "title": "Thủ tục về Đăng ký khai sinh và cấp thẻ bảo hiểm y tế (cấp mới, cấp đổi và cấp lại) cho trẻ em dưới 6 tuổi",
    "chunk_type": "paragraph",
    "hierarchy": "Thủ tục về Đăng ký khai sinh và cấp thẻ bảo hiểm y tế (cấp mới, cấp đổi và cấp lại) cho trẻ em dưới 6 tuổi > Trình tự thực hiện",
    "content_text": "- Người nộp hồ sơ đến Ủy ban nhân dân cấp xã, nơi đã nộp hồ sơ để nhận kết quả liên thông các thủ tục hành chính. Nếu người nộp hồ sơ có yêu cầu nhận kết quả thực hiện liên thông các thủ tục hành chính qua dịch vụ bưu chính công ích thì đăng ký với Ủy ban nhân dân cấp xã và trả phí dịch vụ bưu chính công ích;",
    "metadata": {
      "source_domain": "dichvucong.gov.vn",
      "tokens": 74,
      "has_table": false,
      "crawl_date": "2026-01-11",
      "procedure_code": "",
      "category": "Bảo hiểm y tế cho trẻ dưới 6 tuổi",
      "offical_annouce": "2196/QĐ-UBND ngày 19/6/2024",
      "is_entire": false
    }
  },
  {
    "id": "154cc3cdb32c1e63ad12-5fd4a2ec",
    "url": "https://dichvucong.gov.vn/p/home/dvc-chi-tiet-thu-tuc-hanh-chinh.html?ma_thu_tuc=1.008006&id_tinh_thanh=59",
    "title": "Thủ tục về Đăng ký khai sinh và cấp thẻ bảo hiểm y tế (cấp mới, cấp đổi và cấp lại) cho trẻ em dưới 6 tuổi",
    "chunk_type": "paragraph",
    "hierarchy": "Thủ tục về Đăng ký khai sinh và cấp thẻ bảo hiểm y tế (cấp mới, cấp đổi và cấp lại) cho trẻ em dưới 6 tuổi > Trình tự thực hiện",
    "content_text": "- Trường hợp người nộp hồ sơ có yêu cầu nhận kết quả từng loại thủ tục trực tiếp tại Bảo hiểm xã hội quận, huyện thì khi nộp hồ sơ tại Ủy ban nhân dân cấp xã phải yêu cầu cụ thể để ghi vào phiếu hẹn. Hết thời hạn nêu trên, người nộp hồ sơ sẽ được trực tiếp nhận kết quả theo yêu cầu tại Bảo hiểm xã hội quận, huyện.",
    "metadata": {
      "source_domain": "dichvucong.gov.vn",
      "tokens": 74,
      "has_table": false,
      "crawl_date": "2026-01-11",
      "procedure_code": "",
      "category": "Bảo hiểm y tế cho trẻ dưới 6 tuổi",
      "offical_annouce": "2196/QĐ-UBND ngày 19/6/2024",
      "is_entire": false
    }
  },
  {
    "id": "d2090056e96804d48c62-deef95f2",
    "url": "https://dichvucong.gov.vn/p/home/dvc-chi-tiet-thu-tuc-hanh-chinh.html?ma_thu_tuc=1.008006&id_tinh_thanh=59",
    "title": "Thủ tục về Đăng ký khai sinh và cấp thẻ bảo hiểm y tế (cấp mới, cấp đổi và cấp lại) cho trẻ em dưới 6 tuổi",
    "chunk_type": "header",
    "hierarchy": "Thủ tục về Đăng ký khai sinh và cấp thẻ bảo hiểm y tế (cấp mới, cấp đổi và cấp lại) cho trẻ em dưới 6 tuổi > Cách thức thực hiện",
    "content_text": "Cách thức thực hiện",
    "metadata": {
      "source_domain": "dichvucong.gov.vn",
      "tokens": 4,
      "has_table": false,
      "crawl_date": "2026-01-11",
      "procedure_code": "",
      "category": "Bảo hiểm y tế cho trẻ dưới 6 tuổi",
      "offical_annouce": "2196/QĐ-UBND ngày 19/6/2024",
      "is_entire": false
    }
  },
  {
    "id": "8e833e6f8715d8c2e58f-d3475cfa",
    "url": "https://dichvucong.gov.vn/p/home/dvc-chi-tiet-thu-tuc-hanh-chinh.html?ma_thu_tuc=1.008006&id_tinh_thanh=59",
    "title": "Thủ tục về Đăng ký khai sinh và cấp thẻ bảo hiểm y tế (cấp mới, cấp đổi và cấp lại) cho trẻ em dưới 6 tuổi",
    "chunk_type": "table",
    "hierarchy": "Thủ tục về Đăng ký khai sinh và cấp thẻ bảo hiểm y tế (cấp mới, cấp đổi và cấp lại) cho trẻ em dưới 6 tuổi > Cách thức thực hiện",
    "content_text": "Hình thức nộp | Thời hạn giải quyết | Phí, lệ phí | Mô tả ---|---|---|--- Trực tiếp | 7 Ngày làm việc | * Lệ phí: 8.000 ĐồngXem chi tiết | kể từ ngày nhận hồ sơ đầy đủ, hợp lệ. Dịch vụ bưu chính | 7 Ngày làm việc | * Lệ phí: Xem chi tiết | Không quá 07 ngày làm việc kể từ ngày nhận hồ sơ đầy đủ, hợp lệ.",
    "metadata": {
      "source_domain": "dichvucong.gov.vn",
      "tokens": 75,
      "has_table": true,
      "crawl_date": "2026-01-11",
      "procedure_code": "",
      "category": "Bảo hiểm y tế cho trẻ dưới 6 tuổi",
      "offical_annouce": "2196/QĐ-UBND ngày 19/6/2024",
      "is_entire": false,
      "row_count": 3,
      "col_count": 4
    }
  },
  {
    "id": "f0882ac04d24c171ae2a-950893b9",
    "url": "https://dichvucong.gov.vn/p/home/dvc-chi-tiet-thu-tuc-hanh-chinh.html?ma_thu_tuc=1.008006&id_tinh_thanh=59",
    "title": "Thủ tục về Đăng ký khai sinh và cấp thẻ bảo hiểm y tế (cấp mới, cấp đổi và cấp lại) cho trẻ em dưới 6 tuổi",
    "chunk_type": "header",
    "hierarchy": "Thủ tục về Đăng ký khai sinh và cấp thẻ bảo hiểm y tế (cấp mới, cấp đổi và cấp lại) cho trẻ em dưới 6 tuổi > Thành phần hồ sơ",
    "content_text": "Thành phần hồ sơ",
    "metadata": {
      "source_domain": "dichvucong.gov.vn",
      "tokens": 4,
      "has_table": false,
      "crawl_date": "2026-01-11",
      "procedure_code": "",
      "category": "Bảo hiểm y tế cho trẻ dưới 6 tuổi",
      "offical_annouce": "2196/QĐ-UBND ngày 19/6/2024",
      "is_entire": false
    }
  },
  {
    "id": "ae93c57a1bf53462f49f-bebe2c68",
    "url": "https://dichvucong.gov.vn/p/home/dvc-chi-tiet-thu-tuc-hanh-chinh.html?ma_thu_tuc=1.008006&id_tinh_thanh=59",
    "title": "Thủ tục về Đăng ký khai sinh và cấp thẻ bảo hiểm y tế (cấp mới, cấp đổi và cấp lại) cho trẻ em dưới 6 tuổi",
    "chunk_type": "paragraph",
    "hierarchy": "Thủ tục về Đăng ký khai sinh và cấp thẻ bảo hiểm y tế (cấp mới, cấp đổi và cấp lại) cho trẻ em dưới 6 tuổi > Thành phần hồ sơ",
    "content_text": "* Hồ sơ phải nộp:",
    "metadata": {
      "source_domain": "dichvucong.gov.vn",
      "tokens": 5,
      "has_table": false,
      "crawl_date": "2026-01-11",
      "procedure_code": "",
      "category": "Bảo hiểm y tế cho trẻ dưới 6 tuổi",
      "offical_annouce": "2196/QĐ-UBND ngày 19/6/2024",
      "is_entire": false
    }
  },
  {
    "id": "6dfae5014cb7fc26c042-4ffc38b7",
    "url": "https://dichvucong.gov.vn/p/home/dvc-chi-tiet-thu-tuc-hanh-chinh.html?ma_thu_tuc=1.008006&id_tinh_thanh=59",
    "title": "Thủ tục về Đăng ký khai sinh và cấp thẻ bảo hiểm y tế (cấp mới, cấp đổi và cấp lại) cho trẻ em dưới 6 tuổi",
    "chunk_type": "table",
    "hierarchy": "Thủ tục về Đăng ký khai sinh và cấp thẻ bảo hiểm y tế (cấp mới, cấp đổi và cấp lại) cho trẻ em dưới 6 tuổi > Thành phần hồ sơ",
    "content_text": "Tên giấy tờ | Mẫu đơn, tờ khai | Số lượng ---|---|--- \\+ Tờ khai đăng ký khai sinh (theo mẫu quy định tại Thông tư số 15/2015/TT-BTP); | [](https://csdl.dichvucong.gov.vn/web/jsp/download_file.jsp?ma=) | Bản chính: 1 - Bản sao: 0 \\+ Giấy chứng sinh. Trường hợp không có giấy chứng sinh thì nộp văn bản của người làm chứng xác nhận về việc sinh; nếu không có người làm chứng thì phải có Giấy cam đoan về việc sinh; trường hợp khai sinh cho trẻ em bị bỏ rơi phải có biên bản xác nhận việc trẻ bị bỏ rơi do cơ quan có thẩm quyền lập; trường hợp khai sinh cho trẻ em sinh ra do mang thai hộ phải có văn bản xác nhận của cơ sở y tế đã thực hiện kỹ thuật hỗ trợ sinh sản cho việc mang thai hộ. Văn bản ủy quyền theo quy định của pháp luật trong trường hợp ủy quyền thực hiện việc đăng ký khai sinh. Trường hợp người được ủy quyền là ông, bà, cha, mẹ, con, vợ, chồng, anh, chị, em ruột của người ủy quyền thì văn bản ủy quyền không phải công chứng, chứng thực, nhưng phải có giấy tờ chứng minh mối quan hệ với người ủy quyền; | [](https://csdl.dichvucong.gov.vn/web/jsp/download_file.jsp?ma=) | Bản chính: 1 - Bản sao: 0 \\+ Tờ khai tham gia bảo hiểm y tế do người nộp hồ sơ lập (mẫu TK1-TS quy định tại Quyết định số 888/QĐ-BHXH). | [](https://csdl.dichvucong.gov.vn/web/jsp/download_file.jsp?ma=) | Bản chính: 1 - Bản sao: 0",
    "metadata": {
      "source_domain": "dichvucong.gov.vn",
      "tokens": 256,
      "has_table": true,
      "crawl_date": "2026-01-11",
      "procedure_code": "",
      "category": "Bảo hiểm y tế cho trẻ dưới 6 tuổi",
      "offical_annouce": "2196/QĐ-UBND ngày 19/6/2024",
      "is_entire": false,
      "row_count": 4,
      "col_count": 3
    }
  },
  {
    "id": "a6e4d9c404385dcee1c9-3bfa66f9",
    "url": "https://dichvucong.gov.vn/p/home/dvc-chi-tiet-thu-tuc-hanh-chinh.html?ma_thu_tuc=1.008006&id_tinh_thanh=59",
    "title": "Thủ tục về Đăng ký khai sinh và cấp thẻ bảo hiểm y tế (cấp mới, cấp đổi và cấp lại) cho trẻ em dưới 6 tuổi",
    "chunk_type": "paragraph",
    "hierarchy": "Thủ tục về Đăng ký khai sinh và cấp thẻ bảo hiểm y tế (cấp mới, cấp đổi và cấp lại) cho trẻ em dưới 6 tuổi > Thành phần hồ sơ",
    "content_text": "* Giấy tờ phải xuất trình:",
    "metadata": {
      "source_domain": "dichvucong.gov.vn",
      "tokens": 6,
      "has_table": false,
      "crawl_date": "2026-01-11",
      "procedure_code": "",
      "category": "Bảo hiểm y tế cho trẻ dưới 6 tuổi",
      "offical_annouce": "2196/QĐ-UBND ngày 19/6/2024",
      "is_entire": false
    }
  },
  {
    "id": "7ca45a7ea4eec15e3dba-efe1dfa3",
    "url": "https://dichvucong.gov.vn/p/home/dvc-chi-tiet-thu-tuc-hanh-chinh.html?ma_thu_tuc=1.008006&id_tinh_thanh=59",
    "title": "Thủ tục về Đăng ký khai sinh và cấp thẻ bảo hiểm y tế (cấp mới, cấp đổi và cấp lại) cho trẻ em dưới 6 tuổi",
    "chunk_type": "table",
    "hierarchy": "Thủ tục về Đăng ký khai sinh và cấp thẻ bảo hiểm y tế (cấp mới, cấp đổi và cấp lại) cho trẻ em dưới 6 tuổi > Thành phần hồ sơ",
    "content_text": "Tên giấy tờ | Mẫu đơn, tờ khai | Số lượng ---|---|--- \\+ Người yêu cầu xuất trình bản chính một trong các giấy tờ là hộ chiếu, chứng minh nhân dân, thẻ căn cước công dân hoặc giấy tờ khác có dán ảnh và thông tin cá nhân do cơ quan có thẩm quyền cấp, còn giá trị sử dụng để chứng minh về nhân thân; | [](https://csdl.dichvucong.gov.vn/web/jsp/download_file.jsp?ma=) | Bản chính: 1 - Bản sao: 0 \\+ Giấy tờ chứng minh nơi cư trú để chứng minh thẩm quyền đăng ký khai sinh; trường hợp cha, mẹ của trẻ đã đăng ký kết hôn thì phải xuất trình Giấy chứng nhận kết hôn (trong giai đoạn Cơ sở dữ liệu quốc gia về dân cư và Cơ sở dữ liệu hộ tịch điện tử toàn quốc chưa được xây dựng xong và thực hiện thống nhất trên toàn quốc). | [](https://csdl.dichvucong.gov.vn/web/jsp/download_file.jsp?ma=) | Bản chính: 1 - Bản sao: 0",
    "metadata": {
      "source_domain": "dichvucong.gov.vn",
      "tokens": 160,
      "has_table": true,
      "crawl_date": "2026-01-11",
      "procedure_code": "",
      "category": "Bảo hiểm y tế cho trẻ dưới 6 tuổi",
      "offical_annouce": "2196/QĐ-UBND ngày 19/6/2024",
      "is_entire": false,
      "row_count": 3,
      "col_count": 3
    }
  },
  {
    "id": "607eaa0126b5641e0a74-078f96b4",
    "url": "https://dichvucong.gov.vn/p/home/dvc-chi-tiet-thu-tuc-hanh-chinh.html?ma_thu_tuc=1.008006&id_tinh_thanh=59",
    "title": "Thủ tục về Đăng ký khai sinh và cấp thẻ bảo hiểm y tế (cấp mới, cấp đổi và cấp lại) cho trẻ em dưới 6 tuổi",
    "chunk_type": "header",
    "hierarchy": "Thủ tục về Đăng ký khai sinh và cấp thẻ bảo hiểm y tế (cấp mới, cấp đổi và cấp lại) cho trẻ em dưới 6 tuổi > Cơ quan thực hiện",
    "content_text": "Cơ quan thực hiện",
    "metadata": {
      "source_domain": "dichvucong.gov.vn",
      "tokens": 4,
      "has_table": false,
      "crawl_date": "2026-01-11",
      "procedure_code": "",
      "category": "Bảo hiểm y tế cho trẻ dưới 6 tuổi",
      "offical_annouce": "2196/QĐ-UBND ngày 19/6/2024",
      "is_entire": false
    }
  },
  {
    "id": "44459c0472116dff8dae-7950ee88",
    "url": "https://dichvucong.gov.vn/p/home/dvc-chi-tiet-thu-tuc-hanh-chinh.html?ma_thu_tuc=1.008006&id_tinh_thanh=59",
    "title": "Thủ tục về Đăng ký khai sinh và cấp thẻ bảo hiểm y tế (cấp mới, cấp đổi và cấp lại) cho trẻ em dưới 6 tuổi",
    "chunk_type": "paragraph",
    "hierarchy": "Thủ tục về Đăng ký khai sinh và cấp thẻ bảo hiểm y tế (cấp mới, cấp đổi và cấp lại) cho trẻ em dưới 6 tuổi > Cơ quan thực hiện",
    "content_text": "Ủy ban nhân dân cấp xã",
    "metadata": {
      "source_domain": "dichvucong.gov.vn",
      "tokens": 6,
      "has_table": false,
      "crawl_date": "2026-01-11",
      "procedure_code": "",
      "category": "Bảo hiểm y tế cho trẻ dưới 6 tuổi",
      "offical_annouce": "2196/QĐ-UBND ngày 19/6/2024",
      "is_entire": false
    }
  },
  {
    "id": "bec15ebfaf29c4a2ab4a-c48c1509",
    "url": "https://dichvucong.gov.vn/p/home/dvc-chi-tiet-thu-tuc-hanh-chinh.html?ma_thu_tuc=1.008006&id_tinh_thanh=59",
    "title": "Thủ tục về Đăng ký khai sinh và cấp thẻ bảo hiểm y tế (cấp mới, cấp đổi và cấp lại) cho trẻ em dưới 6 tuổi",
    "chunk_type": "header",
    "hierarchy": "Thủ tục về Đăng ký khai sinh và cấp thẻ bảo hiểm y tế (cấp mới, cấp đổi và cấp lại) cho trẻ em dưới 6 tuổi > Yêu cầu, điều kiện thực hiện",
    "content_text": "Yêu cầu, điều kiện thực hiện",
    "metadata": {
      "source_domain": "dichvucong.gov.vn",
      "tokens": 6,
      "has_table": false,
      "crawl_date": "2026-01-11",
      "procedure_code": "",
      "category": "Bảo hiểm y tế cho trẻ dưới 6 tuổi",
      "offical_annouce": "2196/QĐ-UBND ngày 19/6/2024",
      "is_entire": false
    }
  },
  {
    "id": "ad2beb3d9110c16bdd05-2dce01c9",
    "url": "https://dichvucong.gov.vn/p/home/dvc-chi-tiet-thu-tuc-hanh-chinh.html?ma_thu_tuc=1.010402&id_tinh_thanh=32",
    "title": "Xác nhận cấp thẻ Bảo hiểm y tế cho trẻ em dưới 06 tuổi (cấp mới và cấp đổi do sai lệch thông tin về nhân thân của trẻ như: họ, chữ đệm, tên, ngày, tháng, năm sinh so với giấy khai sinh của trẻ) (cấp xã, phường)",
    "chunk_type": "header",
    "hierarchy": "Xác nhận cấp thẻ Bảo hiểm y tế cho trẻ em dưới 06 tuổi (cấp mới và cấp đổi do sai lệch thông tin về nhân thân của trẻ như: họ, chữ đệm, tên, ngày, tháng, năm sinh so với giấy khai sinh của trẻ) (cấp xã, phường)",
    "content_text": "Xác nhận cấp thẻ Bảo hiểm y tế cho trẻ em dưới 06 tuổi (cấp mới và cấp đổi do sai lệch thông tin về nhân thân của trẻ như: họ, chữ đệm, tên, ngày, tháng, năm sinh so với giấy khai sinh của trẻ) (cấp xã, phường)",
    "metadata": {
      "source_domain": "dichvucong.gov.vn",
      "tokens": 48,
      "has_table": false,
      "crawl_date": "2026-01-11",
      "procedure_code": "",
      "category": "Bảo hiểm y tế cho trẻ dưới 6 tuổi",
      "offical_annouce": "2196/QĐ-UBND ngày 19/6/2024",
      "is_entire": false
    }
  },
  {
    "id": "59a9f62eba5424b6d749-899ba616",
    "url": "https://dichvucong.gov.vn/p/home/dvc-chi-tiet-thu-tuc-hanh-chinh.html?ma_thu_tuc=1.010402&id_tinh_thanh=32",
    "title": "Xác nhận cấp thẻ Bảo hiểm y tế cho trẻ em dưới 06 tuổi (cấp mới và cấp đổi do sai lệch thông tin về nhân thân của trẻ như: họ, chữ đệm, tên, ngày, tháng, năm sinh so với giấy khai sinh của trẻ) (cấp xã, phường)",
    "chunk_type": "header",
    "hierarchy": "Xác nhận cấp thẻ Bảo hiểm y tế cho trẻ em dưới 06 tuổi (cấp mới và cấp đổi do sai lệch thông tin về nhân thân của trẻ như: họ, chữ đệm, tên, ngày, tháng, năm sinh so với giấy khai sinh của trẻ) (cấp xã, phường) > Trình tự thực hiện",
    "content_text": "Trình tự thực hiện",
    "metadata": {
      "source_domain": "dichvucong.gov.vn",
      "tokens": 4,
      "has_table": false,
      "crawl_date": "2026-01-11",
      "procedure_code": "",
      "category": "Bảo hiểm y tế cho trẻ dưới 6 tuổi",
      "offical_annouce": "2196/QĐ-UBND ngày 19/6/2024",
      "is_entire": false
    }
  },
  {
    "id": "65a2fb2ab3b44f952f6a-5b1b4a74",
    "url": "https://dichvucong.gov.vn/p/home/dvc-chi-tiet-thu-tuc-hanh-chinh.html?ma_thu_tuc=1.010402&id_tinh_thanh=32",
    "title": "Xác nhận cấp thẻ Bảo hiểm y tế cho trẻ em dưới 06 tuổi (cấp mới và cấp đổi do sai lệch thông tin về nhân thân của trẻ như: họ, chữ đệm, tên, ngày, tháng, năm sinh so với giấy khai sinh của trẻ) (cấp xã, phường)",
    "chunk_type": "paragraph",
    "hierarchy": "Xác nhận cấp thẻ Bảo hiểm y tế cho trẻ em dưới 06 tuổi (cấp mới và cấp đổi do sai lệch thông tin về nhân thân của trẻ như: họ, chữ đệm, tên, ngày, tháng, năm sinh so với giấy khai sinh của trẻ) (cấp xã, phường) > Trình tự thực hiện",
    "content_text": "Bước 1: Cá nhân nộp hồ sơ (bản sao giấy khai sinh; trường hợp cấp đổi có thêm thẻ BHYT) tại Bộ phận Tiếp nhận và trả kết quả xã, phường để đăng ký làm thẻ BHYT cho trẻ em. Bộ phận Tiếp nhận và trả kết quả chuyển hồ sơ cho công chức Gia đình - Trẻ em xã, phường. Hoặc sau khi giải quyết thủ tục đăng ký khai sinh, công chức Tư pháp - hộ tịch chuyển một bản sao giấy khai sinh cho công chức Gia đình - Trẻ em xã, phường. Bước 2: Công chức thụ lý hồ sơ kiểm tra, rà soát chống trùng, lập hồ sơ gửi Bảo hiểm xã hội quận, huyện. Bước 3: Bảo hiểm xã hội quận, huyện kiểm tra, đối chiếu chống trùng trong dữ liệu quản lý của ngành (thông báo cho xã, phường những trường hợp trùng hoặc không đủ điều kiện cấp thẻ để phối hợp giải quyết trước khi làm thủ tục cấp thẻ), tiến hành in thẻ và chuyển giao thẻ cho UBND xã, phường. Bước 4: Công chức Gia đình - Trẻ em kiểm tra thẻ Bảo hiểm y tế đã in, gửi lại Bộ phận Tiếp nhận và trả kết quả để trả cho công dân.",
    "metadata": {
      "source_domain": "dichvucong.gov.vn",
      "tokens": 214,
      "has_table": false,
      "crawl_date": "2026-01-11",
      "procedure_code": "",
      "category": "Bảo hiểm y tế cho trẻ dưới 6 tuổi",
      "offical_annouce": "2196/QĐ-UBND ngày 19/6/2024",
      "is_entire": false
    }
  },
  {
    "id": "d20d56bbe87e65e4e0bc-0596e88c",
    "url": "https://dichvucong.gov.vn/p/home/dvc-chi-tiet-thu-tuc-hanh-chinh.html?ma_thu_tuc=1.010402&id_tinh_thanh=32",
    "title": "Xác nhận cấp thẻ Bảo hiểm y tế cho trẻ em dưới 06 tuổi (cấp mới và cấp đổi do sai lệch thông tin về nhân thân của trẻ như: họ, chữ đệm, tên, ngày, tháng, năm sinh so với giấy khai sinh của trẻ) (cấp xã, phường)",
    "chunk_type": "header",
    "hierarchy": "Xác nhận cấp thẻ Bảo hiểm y tế cho trẻ em dưới 06 tuổi (cấp mới và cấp đổi do sai lệch thông tin về nhân thân của trẻ như: họ, chữ đệm, tên, ngày, tháng, năm sinh so với giấy khai sinh của trẻ) (cấp xã, phường) > Cách thức thực hiện",
    "content_text": "Cách thức thực hiện",
    "metadata": {
      "source_domain": "dichvucong.gov.vn",
      "tokens": 4,
      "has_table": false,
      "crawl_date": "2026-01-11",
      "procedure_code": "",
      "category": "Bảo hiểm y tế cho trẻ dưới 6 tuổi",
      "offical_annouce": "2196/QĐ-UBND ngày 19/6/2024",
      "is_entire": false
    }
  },
  {
    "id": "86769cd49af031772c59-b115ac3f",
    "url": "https://dichvucong.gov.vn/p/home/dvc-chi-tiet-thu-tuc-hanh-chinh.html?ma_thu_tuc=1.010402&id_tinh_thanh=32",
    "title": "Xác nhận cấp thẻ Bảo hiểm y tế cho trẻ em dưới 06 tuổi (cấp mới và cấp đổi do sai lệch thông tin về nhân thân của trẻ như: họ, chữ đệm, tên, ngày, tháng, năm sinh so với giấy khai sinh của trẻ) (cấp xã, phường)",
    "chunk_type": "table",
    "hierarchy": "Xác nhận cấp thẻ Bảo hiểm y tế cho trẻ em dưới 06 tuổi (cấp mới và cấp đổi do sai lệch thông tin về nhân thân của trẻ như: họ, chữ đệm, tên, ngày, tháng, năm sinh so với giấy khai sinh của trẻ) (cấp xã, phường) > Cách thức thực hiện",
    "content_text": "Hình thức nộp | Thời hạn giải quyết | Phí, lệ phí | Mô tả ---|---|---|--- Trực tiếp | \\- Tại UBND phường, xã: 04 ngày (kể từ ngày nhận được hồ sơ đến khi chuyển hồ sơ cho Bảo hiểm xã hội cấp huyện, bao gồm cả thời gian luân chuyển hồ sơ) - Tại Bảo hiểm xã hội cấp huyện: 05 ngày đối với trường hợp cấp mới và 03 ngày đối với cấp đổi do sai lệch thông tin về nhân thân (kể từ ngày nhận hồ sơ đến khi cấp thẻ Bảo hiểm y tế). Trong thời gian 01 ngày kể từ ngày có thẻ bảo hiểm y tế tại Bảo hiểm xã hội cấp huyện, UBND phường, xã có trách nhiệm nhận lại thẻ và trả cho công dân, tổ chức. | | Hồ sơ nộp trực tiếp tại Bộ phận Tiếp nhận và trả kết quả thuộc UBND cấp xã",
    "metadata": {
      "source_domain": "dichvucong.gov.vn",
      "tokens": 156,
      "has_table": true,
      "crawl_date": "2026-01-11",
      "procedure_code": "",
      "category": "Bảo hiểm y tế cho trẻ dưới 6 tuổi",
      "offical_annouce": "2196/QĐ-UBND ngày 19/6/2024",
      "is_entire": false,
      "row_count": 2,
      "col_count": 4
    }
  },
  {
    "id": "34a44a160ea83745c88b-9e480ae0",
    "url": "https://dichvucong.gov.vn/p/home/dvc-chi-tiet-thu-tuc-hanh-chinh.html?ma_thu_tuc=1.010402&id_tinh_thanh=32",
    "title": "Xác nhận cấp thẻ Bảo hiểm y tế cho trẻ em dưới 06 tuổi (cấp mới và cấp đổi do sai lệch thông tin về nhân thân của trẻ như: họ, chữ đệm, tên, ngày, tháng, năm sinh so với giấy khai sinh của trẻ) (cấp xã, phường)",
    "chunk_type": "header",
    "hierarchy": "Xác nhận cấp thẻ Bảo hiểm y tế cho trẻ em dưới 06 tuổi (cấp mới và cấp đổi do sai lệch thông tin về nhân thân của trẻ như: họ, chữ đệm, tên, ngày, tháng, năm sinh so với giấy khai sinh của trẻ) (cấp xã, phường) > Thành phần hồ sơ",
    "content_text": "Thành phần hồ sơ",
    "metadata": {
      "source_domain": "dichvucong.gov.vn",
      "tokens": 4,
      "has_table": false,
      "crawl_date": "2026-01-11",
      "procedure_code": "",
      "category": "Bảo hiểm y tế cho trẻ dưới 6 tuổi",
      "offical_annouce": "2196/QĐ-UBND ngày 19/6/2024",
      "is_entire": false
    }
  },
  {
    "id": "0852ef05e09762eca9ac-7e3f1530",
    "url": "https://dichvucong.gov.vn/p/home/dvc-chi-tiet-thu-tuc-hanh-chinh.html?ma_thu_tuc=1.010402&id_tinh_thanh=32",
    "title": "Xác nhận cấp thẻ Bảo hiểm y tế cho trẻ em dưới 06 tuổi (cấp mới và cấp đổi do sai lệch thông tin về nhân thân của trẻ như: họ, chữ đệm, tên, ngày, tháng, năm sinh so với giấy khai sinh của trẻ) (cấp xã, phường)",
    "chunk_type": "table",
    "hierarchy": "Xác nhận cấp thẻ Bảo hiểm y tế cho trẻ em dưới 06 tuổi (cấp mới và cấp đổi do sai lệch thông tin về nhân thân của trẻ như: họ, chữ đệm, tên, ngày, tháng, năm sinh so với giấy khai sinh của trẻ) (cấp xã, phường) > Thành phần hồ sơ",
    "content_text": "Tên giấy tờ | Mẫu đơn, tờ khai | Số lượng ---|---|--- Bản sao Giấy khai sinh của trẻ em. Trường hợp cấp đổi thì nộp thêm thẻ Bảo hiểm y tế của trẻ em và Tờ khai tham gia, điều chỉnh thông tin BHXH, BHYT theo mẫu TK1-TS ban hành kèm theo Quyết định số 505/QĐ-BHXH ngày 27/3/2020 của Bảo hiểm xã hội Việt Nam. | [To khai tham gia, dieu chinh thong tin BHXH, BHYT (mau TK1-TS).docx](https://csdl.dichvucong.gov.vn/web/jsp/download_file.jsp?ma=3fe8f75a1f1ffe99) | Bản chính: 1 - Bản sao: 0",
    "metadata": {
      "source_domain": "dichvucong.gov.vn",
      "tokens": 87,
      "has_table": true,
      "crawl_date": "2026-01-11",
      "procedure_code": "",
      "category": "Bảo hiểm y tế cho trẻ dưới 6 tuổi",
      "offical_annouce": "2196/QĐ-UBND ngày 19/6/2024",
      "is_entire": false,
      "row_count": 2,
      "col_count": 3
    }
  },
  {
    "id": "0bdc9e6441ab11022c0a-871ba3a1",
    "url": "https://dichvucong.gov.vn/p/home/dvc-chi-tiet-thu-tuc-hanh-chinh.html?ma_thu_tuc=1.010402&id_tinh_thanh=32",
    "title": "Xác nhận cấp thẻ Bảo hiểm y tế cho trẻ em dưới 06 tuổi (cấp mới và cấp đổi do sai lệch thông tin về nhân thân của trẻ như: họ, chữ đệm, tên, ngày, tháng, năm sinh so với giấy khai sinh của trẻ) (cấp xã, phường)",
    "chunk_type": "header",
    "hierarchy": "Xác nhận cấp thẻ Bảo hiểm y tế cho trẻ em dưới 06 tuổi (cấp mới và cấp đổi do sai lệch thông tin về nhân thân của trẻ như: họ, chữ đệm, tên, ngày, tháng, năm sinh so với giấy khai sinh của trẻ) (cấp xã, phường) > Cơ quan thực hiện",
    "content_text": "Cơ quan thực hiện",
    "metadata": {
      "source_domain": "dichvucong.gov.vn",
      "tokens": 4,
      "has_table": false,
      "crawl_date": "2026-01-11",
      "procedure_code": "",
      "category": "Bảo hiểm y tế cho trẻ dưới 6 tuổi",
      "offical_annouce": "2196/QĐ-UBND ngày 19/6/2024",
      "is_entire": false
    }
  },
  {
    "id": "ba156df88e63fc8ac580-48368184",
    "url": "https://dichvucong.gov.vn/p/home/dvc-chi-tiet-thu-tuc-hanh-chinh.html?ma_thu_tuc=1.010402&id_tinh_thanh=32",
    "title": "Xác nhận cấp thẻ Bảo hiểm y tế cho trẻ em dưới 06 tuổi (cấp mới và cấp đổi do sai lệch thông tin về nhân thân của trẻ như: họ, chữ đệm, tên, ngày, tháng, năm sinh so với giấy khai sinh của trẻ) (cấp xã, phường)",
    "chunk_type": "paragraph",
    "hierarchy": "Xác nhận cấp thẻ Bảo hiểm y tế cho trẻ em dưới 06 tuổi (cấp mới và cấp đổi do sai lệch thông tin về nhân thân của trẻ như: họ, chữ đệm, tên, ngày, tháng, năm sinh so với giấy khai sinh của trẻ) (cấp xã, phường) > Cơ quan thực hiện",
    "content_text": "Ủy ban nhân dân cấp xã",
    "metadata": {
      "source_domain": "dichvucong.gov.vn",
      "tokens": 6,
      "has_table": false,
      "crawl_date": "2026-01-11",
      "procedure_code": "",
      "category": "Bảo hiểm y tế cho trẻ dưới 6 tuổi",
      "offical_annouce": "2196/QĐ-UBND ngày 19/6/2024",
      "is_entire": false
    }
  },
  {
    "id": "4db4363b928fae72df48-cdc5b153",
    "url": "https://dichvucong.gov.vn/p/home/dvc-chi-tiet-thu-tuc-hanh-chinh.html?ma_thu_tuc=1.010402&id_tinh_thanh=32",
    "title": "Xác nhận cấp thẻ Bảo hiểm y tế cho trẻ em dưới 06 tuổi (cấp mới và cấp đổi do sai lệch thông tin về nhân thân của trẻ như: họ, chữ đệm, tên, ngày, tháng, năm sinh so với giấy khai sinh của trẻ) (cấp xã, phường)",
    "chunk_type": "header",
    "hierarchy": "Xác nhận cấp thẻ Bảo hiểm y tế cho trẻ em dưới 06 tuổi (cấp mới và cấp đổi do sai lệch thông tin về nhân thân của trẻ như: họ, chữ đệm, tên, ngày, tháng, năm sinh so với giấy khai sinh của trẻ) (cấp xã, phường) > Yêu cầu, điều kiện thực hiện",
    "content_text": "Yêu cầu, điều kiện thực hiện",
    "metadata": {
      "source_domain": "dichvucong.gov.vn",
      "tokens": 6,
      "has_table": false,
      "crawl_date": "2026-01-11",
      "procedure_code": "",
      "category": "Bảo hiểm y tế cho trẻ dưới 6 tuổi",
      "offical_annouce": "2196/QĐ-UBND ngày 19/6/2024",
      "is_entire": false
    }
  },
  {
    "id": "9a19fd122bf46ec77b75-971a674b",
    "url": "https://dichvucong.gov.vn/p/home/dvc-chi-tiet-thu-tuc-hanh-chinh.html?ma_thu_tuc=1.010402&id_tinh_thanh=32",
    "title": "Xác nhận cấp thẻ Bảo hiểm y tế cho trẻ em dưới 06 tuổi (cấp mới và cấp đổi do sai lệch thông tin về nhân thân của trẻ như: họ, chữ đệm, tên, ngày, tháng, năm sinh so với giấy khai sinh của trẻ) (cấp xã, phường)",
    "chunk_type": "paragraph",
    "hierarchy": "Xác nhận cấp thẻ Bảo hiểm y tế cho trẻ em dưới 06 tuổi (cấp mới và cấp đổi do sai lệch thông tin về nhân thân của trẻ như: họ, chữ đệm, tên, ngày, tháng, năm sinh so với giấy khai sinh của trẻ) (cấp xã, phường) > Yêu cầu, điều kiện thực hiện",
    "content_text": "Tờ khai tham gia, điều chỉnh thông tin BHXH, BHYT.",
    "metadata": {
      "source_domain": "dichvucong.gov.vn",
      "tokens": 10,
      "has_table": false,
      "crawl_date": "2026-01-11",
      "procedure_code": "",
      "category": "Bảo hiểm y tế cho trẻ dưới 6 tuổi",
      "offical_annouce": "2196/QĐ-UBND ngày 19/6/2024",
      "is_entire": false
    }
  }
]