[
  {
    "id": "8f305d96a41082430315-16593e6e",
    "url": "https://dichvucong.gov.vn/p/home/dvc-chi-tiet-thu-tuc-nganh-doc.html?ma_thu_tuc=1.004222",
    "title": "",
    "chunk_type": "paragraph",
    "hierarchy": "",
    "content_text": "Đăng ký Đăng nhập",
    "metadata": {
      "source_domain": "dichvucong.gov.vn",
      "tokens": 4,
      "has_table": false,
      "crawl_date": "2026-01-10",
      "procedure_code": "1.004222",
      "category": "Thủ tục đăng ký đăng ký thường trú",
      "offical_annouce": "2196/QĐ-UBND ngày 19/6/2024",
      "is_entire": true
    }
  },
  {
    "id": "e51d2e56bfae47788c1a-f414ae23",
    "url": "https://dichvucong.gov.vn/p/home/dvc-chi-tiet-thu-tuc-nganh-doc.html?ma_thu_tuc=1.004222",
    "title": "",
    "chunk_type": "list",
    "hierarchy": "",
    "content_text": "- Tra cứu TTHC - Thủ tục hành chính - Thủ tục hành chính liên thông - Quyết định công bố - Cơ quan",
    "metadata": {
      "source_domain": "dichvucong.gov.vn",
      "tokens": 24,
      "has_table": false,
      "crawl_date": "2026-01-10",
      "procedure_code": "1.004222",
      "category": "Thủ tục đăng ký đăng ký thường trú",
      "offical_annouce": "2196/QĐ-UBND ngày 19/6/2024",
      "is_entire": true
    }
  },
  {
    "id": "799fead43a34bc20f2c0-1a02890c",
    "url": "https://dichvucong.gov.vn/p/home/dvc-chi-tiet-thu-tuc-nganh-doc.html?ma_thu_tuc=1.004222",
    "title": "",
    "chunk_type": "list",
    "hierarchy": "",
    "content_text": "- Thủ tục hành chính Tra cứu TTHC Thủ tục hành chính Thủ tục hành chính liên thông Quyết định công bố Cơ quan - Dịch vụ công trực tuyến - Dịch vụ công nổi bật - Tra cứu hồ sơ - Tòa án nhân dân - Câu hỏi thường gặp",
    "metadata": {
      "source_domain": "dichvucong.gov.vn",
      "tokens": 51,
      "has_table": false,
      "crawl_date": "2026-01-10",
      "procedure_code": "1.004222",
      "category": "Thủ tục đăng ký đăng ký thường trú",
      "offical_annouce": "2196/QĐ-UBND ngày 19/6/2024",
      "is_entire": true
    }
  },
  {
    "id": "727360dec5e1fa90628f-d9759a62",
    "url": "https://dichvucong.gov.vn/p/home/dvc-chi-tiet-thu-tuc-nganh-doc.html?ma_thu_tuc=1.004222",
    "title": "",
    "chunk_type": "list",
    "hierarchy": "",
    "content_text": "- Gửi PAKN - Tra cứu kết quả trả lời",
    "metadata": {
      "source_domain": "dichvucong.gov.vn",
      "tokens": 10,
      "has_table": false,
      "crawl_date": "2026-01-10",
      "procedure_code": "1.004222",
      "category": "Thủ tục đăng ký đăng ký thường trú",
      "offical_annouce": "2196/QĐ-UBND ngày 19/6/2024",
      "is_entire": true
    }
  },
  {
    "id": "e8ee59cd849f00ea0476-0aa8940a",
    "url": "https://dichvucong.gov.vn/p/home/dvc-chi-tiet-thu-tuc-nganh-doc.html?ma_thu_tuc=1.004222",
    "title": "",
    "chunk_type": "list",
    "hierarchy": "",
    "content_text": "- Giới thiệu - Điều khoản sử dụng - Hướng dẫn sử dụng - Thông báo",
    "metadata": {
      "source_domain": "dichvucong.gov.vn",
      "tokens": 16,
      "has_table": false,
      "crawl_date": "2026-01-10",
      "procedure_code": "1.004222",
      "category": "Thủ tục đăng ký đăng ký thường trú",
      "offical_annouce": "2196/QĐ-UBND ngày 19/6/2024",
      "is_entire": true
    }
  },
  {
    "id": "1855ce6de4bd61103e65-9f6ab4c4",
    "url": "https://dichvucong.gov.vn/p/home/dvc-chi-tiet-thu-tuc-nganh-doc.html?ma_thu_tuc=1.004222",
    "title": "",
    "chunk_type": "list",
    "hierarchy": "",
    "content_text": "- - Thông tin và dịch vụ Thủ tục hành chính Tra cứu TTHC Thủ tục hành chính Thủ tục hành chính liên thông Quyết định công bố Cơ quan Dịch vụ công trực tuyến Dịch vụ công nổi bật Tra cứu hồ sơ Tòa án nhân dân Câu hỏi thường gặp - Thanh toán trực tuyến - Phản ánh kiến nghị Gửi PAKN Tra cứu kết quả trả lời - Đánh giá chất lượng phục vụ - Hỗ trợ Giới thiệu Điều khoản sử dụng Hướng dẫn sử dụng Thông báo",
    "metadata": {
      "source_domain": "dichvucong.gov.vn",
      "tokens": 92,
      "has_table": false,
      "crawl_date": "2026-01-10",
      "procedure_code": "1.004222",
      "category": "Thủ tục đăng ký đăng ký thường trú",
      "offical_annouce": "2196/QĐ-UBND ngày 19/6/2024",
      "is_entire": true
    }
  },
  {
    "id": "dc4a92211adabb207dbc-f9572253",
    "url": "https://dichvucong.gov.vn/p/home/dvc-chi-tiet-thu-tuc-nganh-doc.html?ma_thu_tuc=1.004222",
    "title": "",
    "chunk_type": "paragraph",
    "hierarchy": "",
    "content_text": "Đăng nhập Đăng ký",
    "metadata": {
      "source_domain": "dichvucong.gov.vn",
      "tokens": 4,
      "has_table": false,
      "crawl_date": "2026-01-10",
      "procedure_code": "1.004222",
      "category": "Thủ tục đăng ký đăng ký thường trú",
      "offical_annouce": "2196/QĐ-UBND ngày 19/6/2024",
      "is_entire": true
    }
  }
]